DateCreated,events
2025-08-11 00:00:00,96
2025-08-11 01:00:00,107
2025-08-11 02:00:00,107
2025-08-11 03:00:00,104
2025-08-11 04:00:00,80
2025-08-11 05:00:00,101
2025-08-11 06:00:00,107
2025-08-11 07:00:00,91
2025-08-11 08:00:00,81
2025-08-11 09:00:00,84
2025-08-11 10:00:00,76
2025-08-11 11:00:00,100
2025-08-11 12:00:00,70
2025-08-11 13:00:00,65
2025-08-11 14:00:00,70
2025-08-11 15:00:00,108
2025-08-11 16:00:00,79
2025-08-11 17:00:00,119
2025-08-11 18:00:00,90
2025-08-11 19:00:00,72
2025-08-11 20:00:00,100
2025-08-11 21:00:00,100
2025-08-11 22:00:00,73
2025-08-11 23:00:00,92
